user_id,k,l,tau,TE_A2S,TE_S2A,Delta_TE,p_A2S,p_S2A,n_samples,low_n
00EABED2-271D-49D8-B599-1D4A09240601,1,1,1,0.010540474941051935,0.017635831569858196,-0.007095356628806261,0.05194805194805195,0.6073926073926074,2115,False
00EABED2-271D-49D8-B599-1D4A09240601,2,2,1,0.019816445192980085,0.05078815998082194,-0.03097171478784185,0.05094905094905095,0.1028971028971029,2114,False
00EABED2-271D-49D8-B599-1D4A09240601,3,3,1,0.03716869480934709,0.07275221741089936,-0.03558352260155227,0.002997002997002997,0.028971028971028972,2113,False
00EABED2-271D-49D8-B599-1D4A09240601,4,4,1,0.046754187765790184,0.08074588974915847,-0.03399170198336829,0.012987012987012988,0.15284715284715283,2112,False
098A72A5-E3E5-4F54-A152-BBDA0DF7B694,1,1,1,0.01076162021190552,0.02465746372296214,-0.013895843511056619,0.000999000999000999,0.000999000999000999,5467,False
098A72A5-E3E5-4F54-A152-BBDA0DF7B694,2,2,1,0.017657002202016856,0.040234391581776593,-0.022577389379759737,0.000999000999000999,0.005994005994005994,5466,False
098A72A5-E3E5-4F54-A152-BBDA0DF7B694,3,3,1,0.025112384148648165,0.07753651794705449,-0.052424133798406325,0.000999000999000999,0.21178821178821178,5465,False
098A72A5-E3E5-4F54-A152-BBDA0DF7B694,4,4,1,0.0328344486047671,0.10984746199766486,-0.07701301339289776,0.014985014985014986,0.5044955044955045,5464,False
0A986513-7828-4D53-AA1F-E02D6DF9561B,1,1,1,0.010694707445456055,0.04037784967094142,-0.029683142225485366,0.002997002997002997,0.004995004995004995,3876,False
0A986513-7828-4D53-AA1F-E02D6DF9561B,2,2,1,0.02547090169605226,0.06433496138229114,-0.03886405968623888,0.001998001998001998,0.001998001998001998,3875,False
0A986513-7828-4D53-AA1F-E02D6DF9561B,3,3,1,0.03878872504428057,0.08921607405537021,-0.050427349011089646,0.001998001998001998,0.14385614385614387,3874,False
0A986513-7828-4D53-AA1F-E02D6DF9561B,4,4,1,0.05330494717065401,0.1005706406616665,-0.04726569349101249,0.001998001998001998,0.8661338661338661,3873,False
0BFC35E2-4817-4865-BFA7-764742302A2D,1,1,1,0.009615759139031298,0.07458110175088437,-0.06496534261185306,0.004995004995004995,0.001998001998001998,2012,False
0BFC35E2-4817-4865-BFA7-764742302A2D,2,2,1,0.04823664618145265,0.14538960634772596,-0.09715296016627331,0.004995004995004995,0.003996003996003996,2011,False
0BFC35E2-4817-4865-BFA7-764742302A2D,3,3,1,0.10455126258264927,0.25279685848446687,-0.1482455959018176,0.002997002997002997,0.001998001998001998,2010,False
0BFC35E2-4817-4865-BFA7-764742302A2D,4,4,1,0.15289534304803837,0.24958127964306456,-0.0966859365950262,0.001998001998001998,0.2967032967032967,2009,False
0E6184E1-90C0-48EE-B25A-F1ECB7B9714E,1,1,1,0.009143175158184032,0.01511240208970465,-0.005969226931520619,0.000999000999000999,0.028971028971028972,6798,False
0E6184E1-90C0-48EE-B25A-F1ECB7B9714E,2,2,1,0.019572470031933627,0.039596307352464694,-0.020023837320531066,0.000999000999000999,0.004995004995004995,6797,False
0E6184E1-90C0-48EE-B25A-F1ECB7B9714E,3,3,1,0.03733486477690355,0.09238696873775049,-0.055052103960846935,0.001998001998001998,0.000999000999000999,6796,False
0E6184E1-90C0-48EE-B25A-F1ECB7B9714E,4,4,1,0.060339942116225675,0.1409308299356415,-0.08059088781941581,0.001998001998001998,0.000999000999000999,6795,False
1155FF54-63D3-4AB2-9863-8385D0BD0A13,1,1,1,0.01455915839989173,0.020216294638444245,-0.005657136238552515,0.000999000999000999,0.016983016983016984,2505,False
1155FF54-63D3-4AB2-9863-8385D0BD0A13,2,2,1,0.04868393417557147,0.10183628070247132,-0.053152346526899846,0.001998001998001998,0.001998001998001998,2504,False
1155FF54-63D3-4AB2-9863-8385D0BD0A13,3,3,1,0.13403874168434884,0.26106287901807695,-0.1270241373337281,0.000999000999000999,0.002997002997002997,2503,False
1155FF54-63D3-4AB2-9863-8385D0BD0A13,4,4,1,0.2172368603544776,0.3349955792382918,-0.11775871888381423,0.001998001998001998,0.007992007992007992,2502,False
11B5EC4D-4133-4289-B475-4E737182A406,1,1,1,0.008336975435314005,0.04557820603654147,-0.037241230601227464,0.000999000999000999,0.000999000999000999,5491,False
11B5EC4D-4133-4289-B475-4E737182A406,2,2,1,0.015678584158599605,0.058119970568749464,-0.042441386410149856,0.001998001998001998,0.000999000999000999,5490,False
11B5EC4D-4133-4289-B475-4E737182A406,3,3,1,0.028372396531155135,0.10659027766023682,-0.07821788112908168,0.000999000999000999,0.004995004995004995,5489,False
11B5EC4D-4133-4289-B475-4E737182A406,4,4,1,0.03839516968235721,0.12505164843409744,-0.08665647875174023,0.002997002997002997,0.01098901098901099,5488,False
136562B6-95B2-483D-88DC-065F28409FD2,1,1,1,0.008959476046671024,0.0224165862665091,-0.013457110219838074,0.000999000999000999,0.01898101898101898,5946,False
136562B6-95B2-483D-88DC-065F28409FD2,2,2,1,0.018601129941582167,0.03920615154950846,-0.020605021607926294,0.001998001998001998,0.001998001998001998,5945,False
136562B6-95B2-483D-88DC-065F28409FD2,3,3,1,0.03618326087804316,0.09176538353451602,-0.05558212265647286,0.001998001998001998,0.004995004995004995,5944,False
136562B6-95B2-483D-88DC-065F28409FD2,4,4,1,0.056406873260481334,0.14660806700321843,-0.0902011937427371,0.001998001998001998,0.000999000999000999,5943,False
1538C99F-BA1E-4EFB-A949-6C7C47701B20,1,1,1,0.007097419448733821,0.01343831228609104,-0.00634089283735722,0.000999000999000999,0.025974025974025976,6422,False
1538C99F-BA1E-4EFB-A949-6C7C47701B20,2,2,1,0.01597517692638763,0.02630887815295772,-0.01033370122657009,0.000999000999000999,0.006993006993006993,6421,False
1538C99F-BA1E-4EFB-A949-6C7C47701B20,3,3,1,0.029766035112839907,0.05198170955257415,-0.02221567443973424,0.000999000999000999,0.002997002997002997,6420,False
1538C99F-BA1E-4EFB-A949-6C7C47701B20,4,4,1,0.03782718027448636,0.07570106150260128,-0.03787388122811492,0.000999000999000999,0.004995004995004995,6419,False
1DBB0F6F-1F81-4A50-9DF4-CD62ACFA4842,1,1,1,0.00181831426278321,0.010088686234345038,-0.008270371971561828,0.04295704295704296,0.005994005994005994,6579,False
1DBB0F6F-1F81-4A50-9DF4-CD62ACFA4842,2,2,1,0.00809308245011864,0.02881016783735621,-0.02071708538723757,0.17382617382617382,0.026973026973026972,6578,False
1DBB0F6F-1F81-4A50-9DF4-CD62ACFA4842,3,3,1,0.023356185908631706,0.0857914459536829,-0.0624352600450512,0.01098901098901099,0.030969030969030968,6577,False
1DBB0F6F-1F81-4A50-9DF4-CD62ACFA4842,4,4,1,0.04361160829576048,0.12081300084503077,-0.07720139254927029,0.001998001998001998,0.07592407592407592,6576,False
24E40C4C-A349-4F9F-93AB-01D00FB994AF,1,1,1,0.0037749108154066587,0.02248709172991411,-0.01871218091450745,0.06293706293706294,0.001998001998001998,3223,False
24E40C4C-A349-4F9F-93AB-01D00FB994AF,2,2,1,0.02224857091175768,0.07566297363119096,-0.05341440271943328,0.022977022977022976,0.002997002997002997,3222,False
24E40C4C-A349-4F9F-93AB-01D00FB994AF,3,3,1,0.06026744562636084,0.20018115529283514,-0.13991370966647432,0.002997002997002997,0.000999000999000999,3221,False
24E40C4C-A349-4F9F-93AB-01D00FB994AF,4,4,1,0.09929752165203946,0.24654363122958828,-0.1472461095775488,0.001998001998001998,0.013986013986013986,3220,False
27E04243-B138-4F40-A164-F40B60165CF3,1,1,1,0.004325455571690083,0.02538456429222417,-0.021059108720534087,0.15884115884115885,0.07592407592407592,2641,False
27E04243-B138-4F40-A164-F40B60165CF3,2,2,1,0.014342883013021517,0.049499373785070716,-0.0351564907720492,0.11188811188811189,0.02197802197802198,2640,False
27E04243-B138-4F40-A164-F40B60165CF3,3,3,1,0.026597220852876108,0.08404275385853167,-0.057445533005655566,0.03896103896103896,0.002997002997002997,2639,False
27E04243-B138-4F40-A164-F40B60165CF3,4,4,1,0.03588311545197312,0.10243159459200635,-0.06654847914003323,0.02197802197802198,0.003996003996003996,2638,False
2C32C23E-E30C-498A-8DD2-0EFB9150A02E,1,1,1,0.01585081018951243,0.034586460952618824,-0.018735650763106394,0.000999000999000999,0.002997002997002997,6593,False
2C32C23E-E30C-498A-8DD2-0EFB9150A02E,2,2,1,0.025923750992957396,0.049636596236243474,-0.02371284524328608,0.000999000999000999,0.004995004995004995,6592,False
2C32C23E-E30C-498A-8DD2-0EFB9150A02E,3,3,1,0.0522467704597457,0.13977747954196512,-0.08753070908221942,0.001998001998001998,0.014985014985014986,6591,False
2C32C23E-E30C-498A-8DD2-0EFB9150A02E,4,4,1,0.08487048347419908,0.2162234116917508,-0.13135292821755173,0.001998001998001998,0.022977022977022976,6590,False
33A85C34-CFE4-4732-9E73-0A7AC861B27A,1,1,1,0.007324172979691715,0.020054792661095777,-0.012730619681404062,0.000999000999000999,0.007992007992007992,4691,False
33A85C34-CFE4-4732-9E73-0A7AC861B27A,2,2,1,0.022489136497693477,0.05905871644694654,-0.03656957994925306,0.000999000999000999,0.000999000999000999,4690,False
33A85C34-CFE4-4732-9E73-0A7AC861B27A,3,3,1,0.04167285645678111,0.1213667343596658,-0.0796938779028847,0.002997002997002997,0.000999000999000999,4689,False
33A85C34-CFE4-4732-9E73-0A7AC861B27A,4,4,1,0.0635723932553048,0.148848366545673,-0.08527597329036819,0.001998001998001998,0.001998001998001998,4688,False
3600D531-0C55-44A7-AE95-A7A38519464E,1,1,1,0.002417454388760098,0.012361110612090276,-0.009943656223330178,0.2597402597402597,0.12187812187812187,3766,False
3600D531-0C55-44A7-AE95-A7A38519464E,2,2,1,0.008296589193187907,0.03894598801333382,-0.030649398820145914,0.36563436563436563,0.022977022977022976,3765,False
3600D531-0C55-44A7-AE95-A7A38519464E,3,3,1,0.01498764462193761,0.09118438736362428,-0.07619674274168667,0.6643356643356644,0.030969030969030968,3764,False
3600D531-0C55-44A7-AE95-A7A38519464E,4,4,1,0.024492456080318227,0.1471975183591961,-0.12270506227887787,0.5114885114885115,0.057942057942057944,3763,False
40E170A7-607B-4578-AF04-F021C3B0384A,1,1,1,0.003792255435288234,0.006756283545511501,-0.0029640281102232668,0.000999000999000999,0.28771228771228774,6006,False
40E170A7-607B-4578-AF04-F021C3B0384A,2,2,1,0.015800065456238598,0.03836956561224332,-0.022569500156004722,0.000999000999000999,0.000999000999000999,6005,False
40E170A7-607B-4578-AF04-F021C3B0384A,3,3,1,0.03466357457838124,0.0935425373843071,-0.058878962805925854,0.001998001998001998,0.001998001998001998,6004,False
40E170A7-607B-4578-AF04-F021C3B0384A,4,4,1,0.04888076271278342,0.12337088471491055,-0.07449012200212712,0.000999000999000999,0.003996003996003996,6003,False
481F4DD2-7689-43B9-A2AA-C8772227162B,1,1,1,0.0026382469560961496,0.017766910785115244,-0.015128663829019093,0.03896103896103896,0.002997002997002997,5597,False
481F4DD2-7689-43B9-A2AA-C8772227162B,2,2,1,0.01431956102380969,0.04192116436472515,-0.027601603340915458,0.002997002997002997,0.000999000999000999,5596,False
481F4DD2-7689-43B9-A2AA-C8772227162B,3,3,1,0.028279840551107042,0.08978107304299142,-0.061501232491884376,0.001998001998001998,0.002997002997002997,5595,False
481F4DD2-7689-43B9-A2AA-C8772227162B,4,4,1,0.04286883911238984,0.11996795363731624,-0.0770991145249264,0.001998001998001998,0.002997002997002997,5594,False
4E98F91F-4654-42EF-B908-A3389443F2E7,1,1,1,0.003424903679331002,0.025629707318116344,-0.022204803638785343,0.35764235764235763,0.14285714285714285,2436,False
4E98F91F-4654-42EF-B908-A3389443F2E7,2,2,1,0.02567686306521805,0.06229879561122317,-0.036621932546005126,0.000999000999000999,0.04995004995004995,2435,False
4E98F91F-4654-42EF-B908-A3389443F2E7,3,3,1,0.042435394821083,0.1278191711988348,-0.0853837763777518,0.001998001998001998,0.5634365634365635,2434,False
4E98F91F-4654-42EF-B908-A3389443F2E7,4,4,1,0.05578386841357391,0.14159204644502377,-0.08580817803144986,0.000999000999000999,0.48951048951048953,2433,False
4FC32141-E888-4BFF-8804-12559A491D8C,1,1,1,0.005524261825474557,0.03309094390067857,-0.027566682075204015,0.03396603396603397,0.000999000999000999,4580,False
4FC32141-E888-4BFF-8804-12559A491D8C,2,2,1,0.022900741501440953,0.057085029922582506,-0.03418428842114155,0.002997002997002997,0.003996003996003996,4579,False
4FC32141-E888-4BFF-8804-12559A491D8C,3,3,1,0.047671040704071355,0.10866930939555144,-0.06099826869148009,0.000999000999000999,0.007992007992007992,4578,False
4FC32141-E888-4BFF-8804-12559A491D8C,4,4,1,0.06503454262043329,0.15442598461082135,-0.08939144199038807,0.001998001998001998,0.026973026973026972,4577,False
5119D0F8-FCA8-4184-A4EB-19421A40DE0D,1,1,1,0.008049110216894589,0.029291972620060763,-0.021242862403166175,0.000999000999000999,0.000999000999000999,5996,False
5119D0F8-FCA8-4184-A4EB-19421A40DE0D,2,2,1,0.017301841088569348,0.04685915789907964,-0.029557316810510294,0.001998001998001998,0.000999000999000999,5995,False
5119D0F8-FCA8-4184-A4EB-19421A40DE0D,3,3,1,0.037712482007781614,0.09284444712336284,-0.05513196511558123,0.000999000999000999,0.000999000999000999,5994,False
5119D0F8-FCA8-4184-A4EB-19421A40DE0D,4,4,1,0.05971744705783752,0.11193799093176579,-0.05222054387392827,0.000999000999000999,0.000999000999000999,5993,False
5152A2DF-FAF3-4BA8-9CA9-E66B32671A53,1,1,1,0.0020471518521403393,0.014561359624436106,-0.012514207772295767,0.04895104895104895,0.07892107892107893,6380,False
5152A2DF-FAF3-4BA8-9CA9-E66B32671A53,2,2,1,0.009306039076665799,0.027244352526716465,-0.017938313450050668,0.000999000999000999,0.06493506493506493,6379,False
5152A2DF-FAF3-4BA8-9CA9-E66B32671A53,3,3,1,0.017597815435765364,0.07354247087505467,-0.0559446554392893,0.001998001998001998,0.006993006993006993,6378,False
5152A2DF-FAF3-4BA8-9CA9-E66B32671A53,4,4,1,0.02710423480309021,0.13436062517350886,-0.10725639037041865,0.000999000999000999,0.001998001998001998,6377,False
59818CD2-24D7-4D32-B133-24C2FE3801E5,1,1,1,0.0054105705770317964,0.03251115182632627,-0.027100581249294476,0.14485514485514486,0.002997002997002997,2549,False
59818CD2-24D7-4D32-B133-24C2FE3801E5,2,2,1,0.02367340941316765,0.08239863929382193,-0.05872522988065429,0.17682317682317683,0.003996003996003996,2548,False
59818CD2-24D7-4D32-B133-24C2FE3801E5,3,3,1,0.05953379918353967,0.1811539131411608,-0.12162011395762114,0.025974025974025976,0.005994005994005994,2547,False
59818CD2-24D7-4D32-B133-24C2FE3801E5,4,4,1,0.0874092225756913,0.22957392683998556,-0.14216470426429428,0.16283716283716285,0.04695304695304695,2546,False
59EEFAE0-DEB0-4FFF-9250-54D2A03D0CF2,1,1,1,0.007180035940615204,0.00973794901312872,-0.0025579130725135154,0.000999000999000999,0.23976023976023977,6685,False
59EEFAE0-DEB0-4FFF-9250-54D2A03D0CF2,2,2,1,0.019005476012844212,0.03315053602281154,-0.014145060009967327,0.000999000999000999,0.000999000999000999,6684,False
59EEFAE0-DEB0-4FFF-9250-54D2A03D0CF2,3,3,1,0.030461894891484192,0.06107139066150279,-0.0306094957700186,0.001998001998001998,0.001998001998001998,6683,False
59EEFAE0-DEB0-4FFF-9250-54D2A03D0CF2,4,4,1,0.042402889155861115,0.0812850131560488,-0.03888212400018769,0.001998001998001998,0.007992007992007992,6682,False
5EF64122-B513-46AE-BCF1-E62AAC285D2C,1,1,1,0.002473582903209216,0.03323557736359317,-0.030761994460383954,0.35364635364635366,0.01998001998001998,3335,False
5EF64122-B513-46AE-BCF1-E62AAC285D2C,2,2,1,0.017424669346046927,0.06205676869403064,-0.044632099347983706,0.000999000999000999,0.001998001998001998,3334,False
5EF64122-B513-46AE-BCF1-E62AAC285D2C,3,3,1,0.032689603896407626,0.10231109495846206,-0.06962149106205444,0.007992007992007992,0.002997002997002997,3333,False
5EF64122-B513-46AE-BCF1-E62AAC285D2C,4,4,1,0.04917689293769822,0.11098924423521349,-0.06181235129751527,0.003996003996003996,0.02197802197802198,3332,False
61359772-D8D8-480D-B623-7C636EAD0C81,1,1,1,0.005152230143162559,0.02953948634184865,-0.02438725619868609,0.000999000999000999,0.000999000999000999,5476,False
61359772-D8D8-480D-B623-7C636EAD0C81,2,2,1,0.01028086847515705,0.05397046105636007,-0.043689592581203016,0.01098901098901099,0.001998001998001998,5475,False
61359772-D8D8-480D-B623-7C636EAD0C81,3,3,1,0.01944197751845464,0.09494401238024075,-0.07550203486178611,0.17282717282717283,0.002997002997002997,5474,False
61359772-D8D8-480D-B623-7C636EAD0C81,4,4,1,0.03221679166009053,0.1264512116180469,-0.09423441995795637,0.14185814185814186,0.008991008991008992,5473,False
61976C24-1C50-4355-9C49-AAE44A7D09F6,1,1,1,0.004716482365975376,0.008161962319322183,-0.0034454799533468073,0.007992007992007992,0.6723276723276723,5730,False
61976C24-1C50-4355-9C49-AAE44A7D09F6,2,2,1,0.01762287647121693,0.04231084824387243,-0.024687971772655498,0.001998001998001998,0.000999000999000999,5729,False
61976C24-1C50-4355-9C49-AAE44A7D09F6,3,3,1,0.03402933069696153,0.0926222875601479,-0.05859295686318637,0.001998001998001998,0.001998001998001998,5728,False
61976C24-1C50-4355-9C49-AAE44A7D09F6,4,4,1,0.046541091314625326,0.1171155083595191,-0.07057441704489378,0.001998001998001998,0.000999000999000999,5727,False
665514DE-49DC-421F-8DCB-145D0B2609AD,1,1,1,0.0035790752127386532,0.01628430539713185,-0.012705230184393197,0.003996003996003996,0.003996003996003996,6751,False
665514DE-49DC-421F-8DCB-145D0B2609AD,2,2,1,0.010057520303294607,0.0359569720068221,-0.025899451703527497,0.003996003996003996,0.000999000999000999,6750,False
665514DE-49DC-421F-8DCB-145D0B2609AD,3,3,1,0.022934086728411116,0.07763904387661864,-0.05470495714820753,0.003996003996003996,0.030969030969030968,6749,False
665514DE-49DC-421F-8DCB-145D0B2609AD,4,4,1,0.03522683038950179,0.12796853585937668,-0.09274170546987488,0.03496503496503497,0.030969030969030968,6748,False
74B86067-5D4B-43CF-82CF-341B76BEA0F4,1,1,1,0.01131052309524269,0.032561901477036095,-0.021251378381793404,0.001998001998001998,0.001998001998001998,6602,False
74B86067-5D4B-43CF-82CF-341B76BEA0F4,2,2,1,0.01807819761942813,0.03662563283777791,-0.018547435218349777,0.002997002997002997,0.001998001998001998,6601,False
74B86067-5D4B-43CF-82CF-341B76BEA0F4,3,3,1,0.026938669680601362,0.053786237788818095,-0.026847568108216733,0.001998001998001998,0.000999000999000999,6600,False
74B86067-5D4B-43CF-82CF-341B76BEA0F4,4,4,1,0.0401436868142413,0.06935588499537558,-0.029212198181134283,0.002997002997002997,0.02197802197802198,6599,False
78A91A4E-4A51-4065-BDA7-94755F0BB3BB,1,1,1,0.0021282972976141602,0.013131833398448386,-0.011003536100834226,0.13186813186813187,0.01998001998001998,8300,False
78A91A4E-4A51-4065-BDA7-94755F0BB3BB,2,2,1,0.011616274122813134,0.030158851682822754,-0.01854257756000962,0.000999000999000999,0.011988011988011988,8299,False
78A91A4E-4A51-4065-BDA7-94755F0BB3BB,3,3,1,0.026890303514682492,0.06995658632136188,-0.04306628280667939,0.000999000999000999,0.003996003996003996,8298,False
78A91A4E-4A51-4065-BDA7-94755F0BB3BB,4,4,1,0.04223218099648424,0.1058344331074743,-0.06360225211099005,0.000999000999000999,0.001998001998001998,8297,False
797D145F-3858-4A7F-A7C2-A4EB721E133C,1,1,1,0.007940207711007398,0.043225842764073354,-0.03528563505306596,0.21678321678321677,0.003996003996003996,2668,False
797D145F-3858-4A7F-A7C2-A4EB721E133C,2,2,1,0.02734970299664145,0.10100558718365436,-0.07365588418701291,0.25874125874125875,0.001998001998001998,2667,False
797D145F-3858-4A7F-A7C2-A4EB721E133C,3,3,1,0.05511367589576141,0.18037519466487148,-0.12526151876911007,0.9460539460539461,0.17282717282717283,2666,False
797D145F-3858-4A7F-A7C2-A4EB721E133C,4,4,1,0.08671666253185695,0.18836070268385044,-0.10164404015199349,0.7952047952047953,0.9150849150849151,2665,False
7CE37510-56D0-4120-A1CF-0E23351428D2,1,1,1,0.014542981082531497,0.015475174296061212,-0.0009321932135297143,0.001998001998001998,0.07192807192807193,9384,False
7CE37510-56D0-4120-A1CF-0E23351428D2,2,2,1,0.026935088983320293,0.03326023114268398,-0.006325142159363684,0.000999000999000999,0.000999000999000999,9383,False
7CE37510-56D0-4120-A1CF-0E23351428D2,3,3,1,0.0450404806399641,0.08122746830958137,-0.03618698766961727,0.002997002997002997,0.001998001998001998,9382,False
7CE37510-56D0-4120-A1CF-0E23351428D2,4,4,1,0.06894753433379297,0.1116591007352307,-0.04271156640143774,0.001998001998001998,0.001998001998001998,9381,False
7D9BB102-A612-4E2A-8E22-3159752F55D8,1,1,1,0.019695711835489096,0.06916424798182536,-0.049468536146336256,0.03996003996003996,0.005994005994005994,683,False
7D9BB102-A612-4E2A-8E22-3159752F55D8,2,2,1,0.04599631711545056,0.08932880779181111,-0.04333249067636055,0.3026973026973027,0.44655344655344653,682,False
7D9BB102-A612-4E2A-8E22-3159752F55D8,3,3,1,0.06643629933056347,0.0806743815027689,-0.01423808217220543,0.4975024975024975,0.997002997002997,681,False
7D9BB102-A612-4E2A-8E22-3159752F55D8,4,4,1,0.07598656037605848,0.06938238317133161,0.006604177204726877,0.8731268731268731,0.998001998001998,680,False
8023FE1A-D3B0-4E2C-A57A-9321B7FC755F,1,1,1,0.0033145418133388857,0.01564154106164471,-0.012326999248305822,0.005994005994005994,0.026973026973026972,7825,False
8023FE1A-D3B0-4E2C-A57A-9321B7FC755F,2,2,1,0.013087664512300012,0.03442651621424195,-0.021338851701941934,0.000999000999000999,0.001998001998001998,7824,False
8023FE1A-D3B0-4E2C-A57A-9321B7FC755F,3,3,1,0.027369810445406085,0.08297809367983544,-0.05560828323442936,0.000999000999000999,0.000999000999000999,7823,False
8023FE1A-D3B0-4E2C-A57A-9321B7FC755F,4,4,1,0.042034876009322944,0.10380570220485799,-0.06177082619553505,0.000999000999000999,0.001998001998001998,7822,False
806289BC-AD52-4CC1-806C-0CDB14D65EB6,1,1,1,0.004862640524275296,0.006466831022671897,-0.001604190498396601,0.000999000999000999,0.5864135864135864,8205,False
806289BC-AD52-4CC1-806C-0CDB14D65EB6,2,2,1,0.013839843349413954,0.031139480314102727,-0.017299636964688773,0.000999000999000999,0.000999000999000999,8204,False
806289BC-AD52-4CC1-806C-0CDB14D65EB6,3,3,1,0.026696713384618584,0.07193480717517436,-0.04523809379055578,0.001998001998001998,0.000999000999000999,8203,False
806289BC-AD52-4CC1-806C-0CDB14D65EB6,4,4,1,0.04305640187453683,0.10122182904365232,-0.058165427169115484,0.000999000999000999,0.003996003996003996,8202,False
81536B0A-8DBF-4D8A-AC24-9543E2E4C8E0,1,1,1,0.0018035337313545736,0.02032985847954499,-0.018526324748190416,0.20679320679320679,0.13786213786213786,4965,False
81536B0A-8DBF-4D8A-AC24-9543E2E4C8E0,2,2,1,0.008973923378214645,0.041923073494418,-0.03294915011620335,0.003996003996003996,0.024975024975024976,4964,False
81536B0A-8DBF-4D8A-AC24-9543E2E4C8E0,3,3,1,0.019637182110250135,0.10692629206927964,-0.08728910995902951,0.000999000999000999,0.001998001998001998,4963,False
81536B0A-8DBF-4D8A-AC24-9543E2E4C8E0,4,4,1,0.029602338950553773,0.14002119317951914,-0.11041885422896536,0.001998001998001998,0.007992007992007992,4962,False
83CF687B-7CEC-434B-9FE8-00C3D5799BE6,1,1,1,0.0017111903965218755,0.004629862201001936,-0.00291867180448006,0.09290709290709291,0.5324675324675324,8883,False
83CF687B-7CEC-434B-9FE8-00C3D5799BE6,2,2,1,0.010746627538231593,0.026170115627455283,-0.01542348808922369,0.000999000999000999,0.000999000999000999,8882,False
83CF687B-7CEC-434B-9FE8-00C3D5799BE6,3,3,1,0.019751983008835544,0.049486166668263054,-0.02973418365942751,0.001998001998001998,0.000999000999000999,8881,False
83CF687B-7CEC-434B-9FE8-00C3D5799BE6,4,4,1,0.028273899427269763,0.05944840713158306,-0.031174507704313296,0.000999000999000999,0.000999000999000999,8880,False
86A4F379-B305-473D-9D83-FC7D800180EF,1,1,1,0.0016211246011330245,0.008689890897850454,-0.00706876629671743,0.41058941058941056,0.2967032967032967,4084,False
86A4F379-B305-473D-9D83-FC7D800180EF,2,2,1,0.005264965531047211,0.014525879701040453,-0.009260914169993242,0.11588411588411589,0.5764235764235764,4083,False
86A4F379-B305-473D-9D83-FC7D800180EF,3,3,1,0.007128116998630449,0.022402245482630718,-0.015274128484000268,0.2967032967032967,0.3876123876123876,4082,False
86A4F379-B305-473D-9D83-FC7D800180EF,4,4,1,0.007870564275306831,0.02663677892214656,-0.01876621464683973,0.5484515484515484,0.36563436563436563,4081,False
96A358A0-FFF2-4239-B93E-C7425B901B47,1,1,1,0.007810953540542337,0.04424121487856717,-0.036430261338024836,0.11388611388611389,0.07592407592407592,1612,False
96A358A0-FFF2-4239-B93E-C7425B901B47,2,2,1,0.021445957313662257,0.0809347001199203,-0.05948874280625804,0.02097902097902098,0.003996003996003996,1611,False
96A358A0-FFF2-4239-B93E-C7425B901B47,3,3,1,0.030530813904837653,0.0956708778822071,-0.06514006397736945,0.054945054945054944,0.006993006993006993,1610,False
96A358A0-FFF2-4239-B93E-C7425B901B47,4,4,1,0.03424995428130055,0.09775681895568195,-0.0635068646743814,0.1978021978021978,0.1028971028971029,1609,False
9759096F-1119-4E19-A0AD-6F16989C7E1C,1,1,1,0.0076343222374577,0.03627326796684785,-0.02863894572939015,0.000999000999000999,0.004995004995004995,7944,False
9759096F-1119-4E19-A0AD-6F16989C7E1C,2,2,1,0.015562648234487896,0.04573703468054446,-0.03017438644605656,0.000999000999000999,0.002997002997002997,7943,False
9759096F-1119-4E19-A0AD-6F16989C7E1C,3,3,1,0.02957703274045236,0.08079378418669146,-0.051216751446239106,0.002997002997002997,0.002997002997002997,7942,False
9759096F-1119-4E19-A0AD-6F16989C7E1C,4,4,1,0.04682825082627671,0.1079695331455811,-0.06114128231930439,0.003996003996003996,0.003996003996003996,7941,False
99B204C0-DD5C-4BB7-83E8-A37281B8D769,1,1,1,0.002594879859229908,0.015007948289310735,-0.012413068430080828,0.11888111888111888,0.17282717282717283,5043,False
99B204C0-DD5C-4BB7-83E8-A37281B8D769,2,2,1,0.009531322348864845,0.029875538602363833,-0.020344216253498987,0.029970029970029972,0.06993006993006994,5042,False
99B204C0-DD5C-4BB7-83E8-A37281B8D769,3,3,1,0.020818569509663744,0.054914713661868814,-0.03409614415220507,0.003996003996003996,0.001998001998001998,5041,False
99B204C0-DD5C-4BB7-83E8-A37281B8D769,4,4,1,0.031114361078921488,0.07078951588457688,-0.039675154805655394,0.013986013986013986,0.02197802197802198,5040,False
9DC38D04-E82E-4F29-AB52-B476535226F2,1,1,1,0.0048440296946931135,0.01788298166084225,-0.013038951966149138,0.001998001998001998,0.013986013986013986,9382,False
9DC38D04-E82E-4F29-AB52-B476535226F2,2,2,1,0.017546723453382262,0.03773975703755897,-0.020193033584176706,0.000999000999000999,0.000999000999000999,9381,False
9DC38D04-E82E-4F29-AB52-B476535226F2,3,3,1,0.030270908492042774,0.09642079479451736,-0.06614988630247459,0.000999000999000999,0.000999000999000999,9380,False
9DC38D04-E82E-4F29-AB52-B476535226F2,4,4,1,0.04986743728606092,0.17079403949729174,-0.12092660221123083,0.000999000999000999,0.000999000999000999,9379,False
A5A30F76-581E-4757-97A2-957553A2C6AA,1,1,1,0.009016116496405924,0.0265591399901308,-0.017543023493724875,0.1008991008991009,0.3096903096903097,1609,False
A5A30F76-581E-4757-97A2-957553A2C6AA,2,2,1,0.04915032337382726,0.11768951268045527,-0.06853918930662802,0.03196803196803197,0.16983016983016982,1608,False
A5A30F76-581E-4757-97A2-957553A2C6AA,3,3,1,0.1358537197950024,0.31728307048076126,-0.18142935068575886,0.002997002997002997,0.01098901098901099,1607,False
A5A30F76-581E-4757-97A2-957553A2C6AA,4,4,1,0.1902234880437191,0.31198945642775755,-0.12176596838403844,0.00999000999000999,0.11788211788211789,1606,False
A5CDF89D-02A2-4EC1-89F8-F534FDABDD96,1,1,1,0.016057131709404787,0.04130016426453505,-0.02524303255513026,0.001998001998001998,0.000999000999000999,3991,False
A5CDF89D-02A2-4EC1-89F8-F534FDABDD96,2,2,1,0.023930747216508147,0.06951220328617147,-0.04558145606966332,0.003996003996003996,0.001998001998001998,3990,False
A5CDF89D-02A2-4EC1-89F8-F534FDABDD96,3,3,1,0.0467791451948467,0.16686213978044379,-0.12008299458559708,0.001998001998001998,0.000999000999000999,3989,False
A5CDF89D-02A2-4EC1-89F8-F534FDABDD96,4,4,1,0.07243660386421986,0.2023379597457953,-0.12990135588157542,0.003996003996003996,0.00999000999000999,3988,False
A7599A50-24AE-46A6-8EA6-2576F1011D81,1,1,1,0.006756135987399514,0.045513054475758416,-0.0387569184883589,0.000999000999000999,0.005994005994005994,3548,False
A7599A50-24AE-46A6-8EA6-2576F1011D81,2,2,1,0.0222932901220736,0.05951373264596506,-0.03722044252389146,0.000999000999000999,0.001998001998001998,3547,False
A7599A50-24AE-46A6-8EA6-2576F1011D81,3,3,1,0.03729479184521953,0.10272461130870265,-0.06542981946348313,0.000999000999000999,0.003996003996003996,3546,False
A7599A50-24AE-46A6-8EA6-2576F1011D81,4,4,1,0.05260696360837027,0.12959435420575563,-0.07698739059738535,0.001998001998001998,0.06993006993006994,3545,False
A76A5AF5-5A93-4CF2-A16E-62353BB70E8A,1,1,1,0.01390179103037172,0.022891210907019094,-0.008989419876647375,0.000999000999000999,0.003996003996003996,7469,False
A76A5AF5-5A93-4CF2-A16E-62353BB70E8A,2,2,1,0.02192474040952002,0.044285163617814954,-0.022360423208294934,0.000999000999000999,0.002997002997002997,7468,False
A76A5AF5-5A93-4CF2-A16E-62353BB70E8A,3,3,1,0.04063533380348235,0.10730195515743587,-0.06666662135395351,0.000999000999000999,0.000999000999000999,7467,False
A76A5AF5-5A93-4CF2-A16E-62353BB70E8A,4,4,1,0.06294361573890177,0.1660858506744599,-0.10314223493555814,0.001998001998001998,0.000999000999000999,7466,False
B09E373F-8A54-44C8-895B-0039390B859F,1,1,1,0.00318003077242629,0.025472593162522275,-0.022292562390095985,0.012987012987012988,0.002997002997002997,4644,False
B09E373F-8A54-44C8-895B-0039390B859F,2,2,1,0.008658563691338326,0.03665849896600246,-0.027999935274664135,0.015984015984015984,0.005994005994005994,4643,False
B09E373F-8A54-44C8-895B-0039390B859F,3,3,1,0.01514472133836525,0.06404998916676169,-0.04890526782839644,0.0999000999000999,0.10589410589410589,4642,False
B09E373F-8A54-44C8-895B-0039390B859F,4,4,1,0.02252987333423115,0.10365285791629558,-0.08112298458206443,0.11788211788211789,0.014985014985014986,4641,False
B7F9D634-263E-4A97-87F9-6FFB4DDCB36C,1,1,1,0.00979434121237406,0.02704583631500985,-0.01725149510263579,0.002997002997002997,0.001998001998001998,7517,False
B7F9D634-263E-4A97-87F9-6FFB4DDCB36C,2,2,1,0.02533723545838864,0.04766257860941767,-0.022325343151029034,0.000999000999000999,0.000999000999000999,7516,False
B7F9D634-263E-4A97-87F9-6FFB4DDCB36C,3,3,1,0.05048486692306869,0.1035205413107133,-0.05303567438764461,0.001998001998001998,0.000999000999000999,7515,False
B7F9D634-263E-4A97-87F9-6FFB4DDCB36C,4,4,1,0.08201311819624953,0.14994193737968264,-0.06792881918343312,0.001998001998001998,0.000999000999000999,7514,False
B9724848-C7E2-45F4-9B3F-A1F38D864495,1,1,1,0.006404318027935536,0.012017496673013698,-0.005613178645078162,0.000999000999000999,0.17582417582417584,7246,False
B9724848-C7E2-45F4-9B3F-A1F38D864495,2,2,1,0.012323675632622584,0.040659024560797334,-0.02833534892817475,0.001998001998001998,0.000999000999000999,7245,False
B9724848-C7E2-45F4-9B3F-A1F38D864495,3,3,1,0.02418782097763713,0.092375795761047,-0.06818797478340988,0.000999000999000999,0.000999000999000999,7244,False
B9724848-C7E2-45F4-9B3F-A1F38D864495,4,4,1,0.037642954404747964,0.13321121928615476,-0.0955682648814068,0.002997002997002997,0.002997002997002997,7243,False
BE3CA5A6-A561-4BBD-B7C9-5DF6805400FC,1,1,1,0.009057340984093783,0.03473622966692256,-0.025678888682828777,0.000999000999000999,0.002997002997002997,5881,False
BE3CA5A6-A561-4BBD-B7C9-5DF6805400FC,2,2,1,0.016401354810187757,0.051191490123159475,-0.03479013531297172,0.000999000999000999,0.002997002997002997,5880,False
BE3CA5A6-A561-4BBD-B7C9-5DF6805400FC,3,3,1,0.02896469363977695,0.10821763836363482,-0.07925294472385787,0.001998001998001998,0.000999000999000999,5879,False
BE3CA5A6-A561-4BBD-B7C9-5DF6805400FC,4,4,1,0.04421682099086831,0.1303385566238135,-0.08612173563294519,0.001998001998001998,0.001998001998001998,5878,False
BEF6C611-50DA-4971-A040-87FB979F3FC1,1,1,1,0.0051959749608298305,0.01911999078703915,-0.013924015826209318,0.5044955044955045,0.3596403596403596,1679,False
BEF6C611-50DA-4971-A040-87FB979F3FC1,2,2,1,0.03021690429112375,0.0825536599633662,-0.05233675567224244,0.03196803196803197,0.006993006993006993,1678,False
BEF6C611-50DA-4971-A040-87FB979F3FC1,3,3,1,0.0591500594366567,0.1543629473579634,-0.09521288792130671,0.02097902097902098,0.004995004995004995,1677,False
BEF6C611-50DA-4971-A040-87FB979F3FC1,4,4,1,0.07711213997706871,0.1453173086165804,-0.06820516863951169,0.13786213786213786,0.18081918081918083,1676,False
C48CE857-A0DD-4DDB-BEA5-3A25449B2153,1,1,1,0.0009048547298762562,0.013013010996628377,-0.01210815626675212,0.8421578421578422,0.20679320679320679,4531,False
C48CE857-A0DD-4DDB-BEA5-3A25449B2153,2,2,1,0.01758559580975837,0.055607152615995525,-0.03802155680623716,0.000999000999000999,0.000999000999000999,4530,False
C48CE857-A0DD-4DDB-BEA5-3A25449B2153,3,3,1,0.031016635413287016,0.10689910301078424,-0.07588246759749723,0.000999000999000999,0.000999000999000999,4529,False
C48CE857-A0DD-4DDB-BEA5-3A25449B2153,4,4,1,0.04979429037410787,0.13945358662259377,-0.0896592962484859,0.001998001998001998,0.000999000999000999,4528,False
CA820D43-E5E2-42EF-9798-BE56F776370B,1,1,1,0.009572313134639932,0.04547507452385985,-0.03590276138921992,0.001998001998001998,0.001998001998001998,6379,False
CA820D43-E5E2-42EF-9798-BE56F776370B,2,2,1,0.017909938259308474,0.05807559499537268,-0.040165656736064204,0.005994005994005994,0.001998001998001998,6378,False
CA820D43-E5E2-42EF-9798-BE56F776370B,3,3,1,0.03385206364212055,0.11016376779907318,-0.07631170415695263,0.005994005994005994,0.000999000999000999,6377,False
CA820D43-E5E2-42EF-9798-BE56F776370B,4,4,1,0.05118557110652927,0.13703499107012312,-0.08584941996359385,0.005994005994005994,0.004995004995004995,6376,False
CCAF77F0-FABB-4F2F-9E24-D56AD0C5A82F,1,1,1,0.00372514940992849,0.030903500916526844,-0.027178351506598353,0.014985014985014986,0.01898101898101898,7212,False
CCAF77F0-FABB-4F2F-9E24-D56AD0C5A82F,2,2,1,0.017114141990205202,0.03887407279252289,-0.021759930802317688,0.000999000999000999,0.000999000999000999,7211,False
CCAF77F0-FABB-4F2F-9E24-D56AD0C5A82F,3,3,1,0.02301014987275727,0.06546371986948127,-0.042453569996724,0.001998001998001998,0.001998001998001998,7210,False
CCAF77F0-FABB-4F2F-9E24-D56AD0C5A82F,4,4,1,0.030640599214957955,0.07915207143965172,-0.048511472224693764,0.000999000999000999,0.003996003996003996,7209,False
CDA3BBF7-6631-45E8-85BA-EEB416B32A3C,1,1,1,0.002193894767553918,0.02612812911420075,-0.02393423434664683,0.6783216783216783,0.13586413586413587,2832,False
CDA3BBF7-6631-45E8-85BA-EEB416B32A3C,2,2,1,0.012491509785887835,0.04772826297193033,-0.035236753186042497,0.04795204795204795,0.0969030969030969,2831,False
CDA3BBF7-6631-45E8-85BA-EEB416B32A3C,3,3,1,0.021694824733712,0.0903015070446708,-0.0686066823109588,0.027972027972027972,0.08491508491508491,2830,False
CDA3BBF7-6631-45E8-85BA-EEB416B32A3C,4,4,1,0.028165067555688397,0.10470209461358933,-0.07653702705790093,0.06593406593406594,0.12687312687312688,2829,False
CF722AA9-2533-4E51-9FEB-9EAC84EE9AAC,1,1,1,0.006851593130110375,0.00830247634119475,-0.001450883211084374,0.001998001998001998,0.3246753246753247,3525,False
CF722AA9-2533-4E51-9FEB-9EAC84EE9AAC,2,2,1,0.022480899954816835,0.04960890638033211,-0.027128006425515272,0.001998001998001998,0.005994005994005994,3524,False
CF722AA9-2533-4E51-9FEB-9EAC84EE9AAC,3,3,1,0.0372286843492845,0.09833427861152187,-0.06110559426223737,0.004995004995004995,0.027972027972027972,3523,False
CF722AA9-2533-4E51-9FEB-9EAC84EE9AAC,4,4,1,0.06054063951504197,0.10506050740039719,-0.04451986788535522,0.001998001998001998,0.15084915084915085,3522,False
D7D20E2E-FC78-405D-B346-DBD3FD8FC92B,1,1,1,0.008568973294334505,0.03547107558494089,-0.026902102290606387,0.002997002997002997,0.001998001998001998,4875,False
D7D20E2E-FC78-405D-B346-DBD3FD8FC92B,2,2,1,0.017288805960370142,0.05395717384800547,-0.03666836788763533,0.003996003996003996,0.001998001998001998,4874,False
D7D20E2E-FC78-405D-B346-DBD3FD8FC92B,3,3,1,0.03624010083764946,0.10065678128760816,-0.0644166804499587,0.002997002997002997,0.002997002997002997,4873,False
D7D20E2E-FC78-405D-B346-DBD3FD8FC92B,4,4,1,0.05875963188576026,0.1316420475025172,-0.07288241561675694,0.000999000999000999,0.003996003996003996,4872,False
E65577C1-8D5D-4F70-AF23-B3ADB9D3DBA3,1,1,1,0.00982316328145186,0.03208321950821949,-0.022260056226767633,0.005994005994005994,0.04595404595404595,2022,False
E65577C1-8D5D-4F70-AF23-B3ADB9D3DBA3,2,2,1,0.03302768640453371,0.08684345894796092,-0.053815772543427204,0.000999000999000999,0.004995004995004995,2021,False
E65577C1-8D5D-4F70-AF23-B3ADB9D3DBA3,3,3,1,0.0660342113510525,0.16139430054402207,-0.09536008919296957,0.002997002997002997,0.056943056943056944,2020,False
E65577C1-8D5D-4F70-AF23-B3ADB9D3DBA3,4,4,1,0.09242516162251425,0.19425354877416143,-0.10182838715164717,0.001998001998001998,0.07092907092907093,2019,False
ECECC2AB-D32F-4F90-B74C-E12A1C69BBE2,1,1,1,0.00782014106983762,0.05110675617109795,-0.043286615101260334,0.16183816183816183,0.01098901098901099,1237,False
ECECC2AB-D32F-4F90-B74C-E12A1C69BBE2,2,2,1,0.03652950812567364,0.09616988898407926,-0.05964038085840562,0.006993006993006993,0.016983016983016984,1236,False
ECECC2AB-D32F-4F90-B74C-E12A1C69BBE2,3,3,1,0.05605891807505742,0.12232231893436742,-0.06626340085931,0.03296703296703297,0.14685314685314685,1235,False
ECECC2AB-D32F-4F90-B74C-E12A1C69BBE2,4,4,1,0.0739362021433793,0.11744502731502857,-0.043508825171649265,0.07192807192807193,0.5274725274725275,1234,False
F50235E0-DD67-4F2A-B00B-1F31ADA998B9,1,1,1,0.005454645389671357,0.020115403091570016,-0.014660757701898659,0.060939060939060936,0.029970029970029972,2089,False
F50235E0-DD67-4F2A-B00B-1F31ADA998B9,2,2,1,0.028996385488305267,0.08968478396384648,-0.06068839847554121,0.04795204795204795,0.03796203796203796,2088,False
F50235E0-DD67-4F2A-B00B-1F31ADA998B9,3,3,1,0.06591512711226565,0.2032186534350185,-0.13730352632275283,0.11488511488511488,0.16983016983016982,2087,False
F50235E0-DD67-4F2A-B00B-1F31ADA998B9,4,4,1,0.11378054224636208,0.2720725253755152,-0.1582919831291531,0.026973026973026972,0.2827172827172827,2086,False
FDAA70A1-42A3-4E3F-9AE3-3FDA412E03BF,1,1,1,0.02636045905433329,0.06091128373358954,-0.03455082467925625,0.000999000999000999,0.003996003996003996,2155,False
FDAA70A1-42A3-4E3F-9AE3-3FDA412E03BF,2,2,1,0.04359152543752009,0.11170245246105959,-0.06811092702353949,0.000999000999000999,0.008991008991008992,2154,False
FDAA70A1-42A3-4E3F-9AE3-3FDA412E03BF,3,3,1,0.08272218906675116,0.18507594182884726,-0.1023537527620961,0.003996003996003996,0.6863136863136863,2153,False
FDAA70A1-42A3-4E3F-9AE3-3FDA412E03BF,4,4,1,0.12168718057249132,0.206826020484254,-0.08513883991176267,0.011988011988011988,0.9250749250749251,2152,False
