user_id,k,l,tau,CTE_A2S_H,CTE_S2A_H,Delta_CTE,p_A2S_H,p_S2A_H,n_samples,n_samples_per_bin_min,low_n
00EABED2-271D-49D8-B599-1D4A09240601,1,1,1,0.015138981932525372,0.06501213262830385,-0.04987315069577848,0.33966033966033965,0.4095904095904096,2115,240,False
00EABED2-271D-49D8-B599-1D4A09240601,2,2,1,0.02428065808069774,0.08392338317424397,-0.059642725093546234,0.5384615384615384,0.07592407592407592,2114,240,False
00EABED2-271D-49D8-B599-1D4A09240601,3,3,1,0.041135587419286045,0.07199937745066379,-0.030863790031377743,0.03396603396603397,0.3246753246753247,2113,240,False
00EABED2-271D-49D8-B599-1D4A09240601,4,4,1,0.04660602287029299,0.062008108242648,-0.01540208537235501,0.053946053946053944,0.5074925074925075,2112,240,False
098A72A5-E3E5-4F54-A152-BBDA0DF7B694,1,1,1,0.011440914330757508,0.03368427444065051,-0.022243360109893,0.000999000999000999,0.7632367632367633,5467,744,False
098A72A5-E3E5-4F54-A152-BBDA0DF7B694,2,2,1,0.022711119826039825,0.07070817570855194,-0.047997055882512116,0.003996003996003996,0.7652347652347652,5466,744,False
098A72A5-E3E5-4F54-A152-BBDA0DF7B694,3,3,1,0.03175617570541049,0.09021432306305492,-0.05845814735764443,0.03496503496503497,0.9500499500499501,5465,744,False
098A72A5-E3E5-4F54-A152-BBDA0DF7B694,4,4,1,0.038888439441756344,0.085328877940193,-0.04644043849843666,0.15184815184815184,0.999000999000999,5464,744,False
0A986513-7828-4D53-AA1F-E02D6DF9561B,1,1,1,0.012761024268589662,0.04128967655728027,-0.028528652288690608,0.014985014985014986,0.3676323676323676,3876,477,False
0A986513-7828-4D53-AA1F-E02D6DF9561B,2,2,1,0.03293563974066712,0.0704348788625892,-0.03749923912192208,0.001998001998001998,0.4245754245754246,3875,477,False
0A986513-7828-4D53-AA1F-E02D6DF9561B,3,3,1,0.04476458862043694,0.08022428280919064,-0.0354596941887537,0.001998001998001998,0.6073926073926074,3874,477,False
0A986513-7828-4D53-AA1F-E02D6DF9561B,4,4,1,0.0590174232575646,0.08324608309320214,-0.024228659835637538,0.000999000999000999,0.37362637362637363,3873,477,False
0BFC35E2-4817-4865-BFA7-764742302A2D,1,1,1,0.02653939295097746,0.10850530989616988,-0.08196591694519242,0.002997002997002997,0.001998001998001998,2012,0,False
0BFC35E2-4817-4865-BFA7-764742302A2D,2,2,1,0.0766963045513285,0.2082436707671221,-0.1315473662157936,0.003996003996003996,0.004995004995004995,2011,0,False
0BFC35E2-4817-4865-BFA7-764742302A2D,3,3,1,0.1339649761450566,0.23625181195471553,-0.10228683580965894,0.002997002997002997,0.3786213786213786,2010,0,False
0BFC35E2-4817-4865-BFA7-764742302A2D,4,4,1,0.17046753495612701,0.175891372551575,-0.005423837595447983,0.001998001998001998,1.0,2009,0,False
0E6184E1-90C0-48EE-B25A-F1ECB7B9714E,1,1,1,0.01403544003694313,0.029493343328813745,-0.015457903291870615,0.000999000999000999,0.26873126873126874,6798,938,False
0E6184E1-90C0-48EE-B25A-F1ECB7B9714E,2,2,1,0.0308977698944261,0.07573281736134184,-0.04483504746691574,0.000999000999000999,0.03496503496503497,6797,938,False
0E6184E1-90C0-48EE-B25A-F1ECB7B9714E,3,3,1,0.05799916888162872,0.11854802784199248,-0.06054885896036376,0.001998001998001998,0.12487512487512488,6796,938,False
0E6184E1-90C0-48EE-B25A-F1ECB7B9714E,4,4,1,0.0790508093173982,0.12627313942225651,-0.04722233010485831,0.001998001998001998,0.5234765234765235,6795,938,False
1155FF54-63D3-4AB2-9863-8385D0BD0A13,1,1,1,0.019683903385809026,0.04851564392983479,-0.028831740544025763,0.014985014985014986,0.5664335664335665,2505,220,False
1155FF54-63D3-4AB2-9863-8385D0BD0A13,2,2,1,0.0908236629077778,0.18659102376868336,-0.09576736086090556,0.002997002997002997,0.6373626373626373,2504,220,False
1155FF54-63D3-4AB2-9863-8385D0BD0A13,3,3,1,0.18478611731024921,0.24642396785463752,-0.061637850544388306,0.000999000999000999,0.9590409590409591,2503,220,False
1155FF54-63D3-4AB2-9863-8385D0BD0A13,4,4,1,0.22475124247416547,0.20839149185873582,0.016359750615429658,0.001998001998001998,1.0,2502,220,False
11B5EC4D-4133-4289-B475-4E737182A406,1,1,1,0.006680069789866685,0.04208143052597458,-0.0354013607361079,0.11988011988011989,0.7392607392607392,5491,501,False
11B5EC4D-4133-4289-B475-4E737182A406,2,2,1,0.022933569553206818,0.06960875320995588,-0.04667518365674907,0.008991008991008992,0.6813186813186813,5490,501,False
11B5EC4D-4133-4289-B475-4E737182A406,3,3,1,0.03506314342311314,0.09585288347616122,-0.06078974005304808,0.030969030969030968,0.6173826173826173,5489,501,False
11B5EC4D-4133-4289-B475-4E737182A406,4,4,1,0.044304427267232216,0.08509109850659517,-0.04078667123936296,0.061938061938061936,0.8661338661338661,5488,501,False
136562B6-95B2-483D-88DC-065F28409FD2,1,1,1,0.012014214123693976,0.0290220468036539,-0.017007832679959922,0.000999000999000999,0.2517482517482518,5946,720,False
136562B6-95B2-483D-88DC-065F28409FD2,2,2,1,0.0340435757699034,0.07617986983733872,-0.042136294067435326,0.000999000999000999,0.10589410589410589,5945,720,False
136562B6-95B2-483D-88DC-065F28409FD2,3,3,1,0.05544592544416698,0.12717415837370802,-0.07172823292954103,0.001998001998001998,0.058941058941058944,5944,720,False
136562B6-95B2-483D-88DC-065F28409FD2,4,4,1,0.0721682818144404,0.13686277967577937,-0.06469449786133896,0.001998001998001998,0.43456543456543456,5943,720,False
1538C99F-BA1E-4EFB-A949-6C7C47701B20,1,1,1,0.008525742345772455,0.028388048097552444,-0.01986230575177999,0.014985014985014986,0.07392607392607392,6422,929,False
1538C99F-BA1E-4EFB-A949-6C7C47701B20,2,2,1,0.024531841822340784,0.053996023366438425,-0.02946418154409764,0.000999000999000999,0.000999000999000999,6421,929,False
1538C99F-BA1E-4EFB-A949-6C7C47701B20,3,3,1,0.037572915089076044,0.07667706613309833,-0.03910415104402228,0.000999000999000999,0.023976023976023976,6420,929,False
1538C99F-BA1E-4EFB-A949-6C7C47701B20,4,4,1,0.04534966354585154,0.09070817610564266,-0.04535851255979112,0.000999000999000999,0.15484515484515485,6419,929,False
1DBB0F6F-1F81-4A50-9DF4-CD62ACFA4842,1,1,1,0.008461857268945156,0.027787377206722565,-0.01932551993777741,0.011988011988011988,0.13186813186813187,6579,456,False
1DBB0F6F-1F81-4A50-9DF4-CD62ACFA4842,2,2,1,0.025726462689713167,0.08044143333946435,-0.054714970649751185,0.006993006993006993,0.2547452547452547,6578,456,False
1DBB0F6F-1F81-4A50-9DF4-CD62ACFA4842,3,3,1,0.04667914079431128,0.12233241404880503,-0.07565327325449375,0.001998001998001998,0.5334665334665335,6577,456,False
1DBB0F6F-1F81-4A50-9DF4-CD62ACFA4842,4,4,1,0.06342803743065827,0.12942612985617355,-0.06599809242551528,0.002997002997002997,0.44655344655344653,6576,456,False
24E40C4C-A349-4F9F-93AB-01D00FB994AF,1,1,1,0.019070918790976343,0.06925657721978037,-0.05018565842880403,0.003996003996003996,0.000999000999000999,3223,1,False
24E40C4C-A349-4F9F-93AB-01D00FB994AF,2,2,1,0.052609752537851245,0.18537963357443119,-0.13276988103657994,0.005994005994005994,0.000999000999000999,3222,1,False
24E40C4C-A349-4F9F-93AB-01D00FB994AF,3,3,1,0.09101568657710699,0.23822446055489863,-0.14720877397779164,0.006993006993006993,0.007992007992007992,3221,1,False
24E40C4C-A349-4F9F-93AB-01D00FB994AF,4,4,1,0.1181432089302542,0.1930676342569276,-0.0749244253266734,0.001998001998001998,0.7582417582417582,3220,1,False
27E04243-B138-4F40-A164-F40B60165CF3,1,1,1,0.01601013299697716,0.06822806963563524,-0.05221793663865808,0.03896103896103896,0.17182817182817184,2641,341,False
27E04243-B138-4F40-A164-F40B60165CF3,2,2,1,0.029615689801969526,0.0770041450813349,-0.04738845527936537,0.015984015984015984,0.6543456543456544,2640,341,False
27E04243-B138-4F40-A164-F40B60165CF3,3,3,1,0.04123839944690884,0.08399285559268424,-0.0427544561457754,0.001998001998001998,0.6263736263736264,2639,341,False
27E04243-B138-4F40-A164-F40B60165CF3,4,4,1,0.05033079969872515,0.08165414055754291,-0.031323340858817765,0.007992007992007992,0.47152847152847155,2638,341,False
2C32C23E-E30C-498A-8DD2-0EFB9150A02E,1,1,1,0.013093144093305769,0.034183479120012475,-0.021090335026706708,0.000999000999000999,0.21178821178821178,6593,971,False
2C32C23E-E30C-498A-8DD2-0EFB9150A02E,2,2,1,0.038841995724571476,0.09811024375775682,-0.05926824803318534,0.006993006993006993,0.6403596403596403,6592,971,False
2C32C23E-E30C-498A-8DD2-0EFB9150A02E,3,3,1,0.07531306654999805,0.17704545473637517,-0.10173238818637713,0.012987012987012988,0.5754245754245755,6591,971,False
2C32C23E-E30C-498A-8DD2-0EFB9150A02E,4,4,1,0.10181031420696318,0.1687276379803649,-0.0669173237734017,0.001998001998001998,0.8321678321678322,6590,971,False
33A85C34-CFE4-4732-9E73-0A7AC861B27A,1,1,1,0.010688927472734729,0.060733299853350506,-0.05004437238061578,0.0969030969030969,0.001998001998001998,4691,518,False
33A85C34-CFE4-4732-9E73-0A7AC861B27A,2,2,1,0.038791329564787036,0.10619580101933976,-0.06740447145455272,0.000999000999000999,0.000999000999000999,4690,518,False
33A85C34-CFE4-4732-9E73-0A7AC861B27A,3,3,1,0.05748000137999809,0.12722685935977152,-0.06974685797977342,0.002997002997002997,0.01098901098901099,4689,518,False
33A85C34-CFE4-4732-9E73-0A7AC861B27A,4,4,1,0.07471189909112995,0.12716120639037903,-0.052449307299249084,0.001998001998001998,0.028971028971028972,4688,518,False
3600D531-0C55-44A7-AE95-A7A38519464E,1,1,1,0.009771400237430505,0.04427827319676236,-0.03450687295933186,0.5614385614385614,0.23376623376623376,3766,412,False
3600D531-0C55-44A7-AE95-A7A38519464E,2,2,1,0.019514722021769664,0.08582206630340697,-0.0663073442816373,0.6593406593406593,0.2887112887112887,3765,412,False
3600D531-0C55-44A7-AE95-A7A38519464E,3,3,1,0.028324927004035005,0.15099516853259354,-0.12267024152855853,0.7292707292707292,0.004995004995004995,3764,412,False
3600D531-0C55-44A7-AE95-A7A38519464E,4,4,1,0.038115910178064975,0.16805714166195973,-0.12994123148389475,0.5514485514485514,0.25074925074925075,3763,412,False
40E170A7-607B-4578-AF04-F021C3B0384A,1,1,1,0.0071259951589211805,0.024585933112766384,-0.017459937953845203,0.0999000999000999,0.7672327672327672,6006,546,False
40E170A7-607B-4578-AF04-F021C3B0384A,2,2,1,0.03233814717949274,0.09497746671824966,-0.06263931953875693,0.000999000999000999,0.000999000999000999,6005,546,False
40E170A7-607B-4578-AF04-F021C3B0384A,3,3,1,0.0516203617611855,0.12881711537712517,-0.07719675361593967,0.001998001998001998,0.001998001998001998,6004,546,False
40E170A7-607B-4578-AF04-F021C3B0384A,4,4,1,0.06457915224718078,0.1292502965089279,-0.06467114426174711,0.000999000999000999,0.12287712287712288,6003,546,False
481F4DD2-7689-43B9-A2AA-C8772227162B,1,1,1,0.005814537725863333,0.03995520801523133,-0.034140670289368,0.4515484515484515,0.002997002997002997,5597,403,False
481F4DD2-7689-43B9-A2AA-C8772227162B,2,2,1,0.02676243742607383,0.07432317127391291,-0.047560733847839085,0.002997002997002997,0.004995004995004995,5596,403,False
481F4DD2-7689-43B9-A2AA-C8772227162B,3,3,1,0.04656615896053291,0.11957955741148116,-0.07301339845094826,0.001998001998001998,0.01098901098901099,5595,403,False
481F4DD2-7689-43B9-A2AA-C8772227162B,4,4,1,0.05991276513427899,0.129509020615374,-0.06959625548109502,0.001998001998001998,0.24675324675324675,5594,403,False
4E98F91F-4654-42EF-B908-A3389443F2E7,1,1,1,0.007451066217111418,0.05448067331569671,-0.047029607098585294,0.8161838161838162,0.6633366633366633,2436,331,False
4E98F91F-4654-42EF-B908-A3389443F2E7,2,2,1,0.03022296936553679,0.11528898656900258,-0.0850660172034658,0.01098901098901099,0.5854145854145855,2435,331,False
4E98F91F-4654-42EF-B908-A3389443F2E7,3,3,1,0.04544442874370815,0.1057097202119667,-0.06026529146825855,0.006993006993006993,0.6423576423576424,2434,331,False
4E98F91F-4654-42EF-B908-A3389443F2E7,4,4,1,0.053805148543204326,0.0822628432872172,-0.02845769474401287,0.001998001998001998,0.5054945054945055,2433,331,False
4FC32141-E888-4BFF-8804-12559A491D8C,1,1,1,0.00796182034549028,0.045756982260756945,-0.03779516191526666,0.6433566433566433,0.004995004995004995,4580,573,False
4FC32141-E888-4BFF-8804-12559A491D8C,2,2,1,0.03641440927326657,0.09661753176176155,-0.06020312248849498,0.002997002997002997,0.004995004995004995,4579,573,False
4FC32141-E888-4BFF-8804-12559A491D8C,3,3,1,0.062240299577039346,0.13809382050795024,-0.0758535209309109,0.000999000999000999,0.014985014985014986,4578,573,False
4FC32141-E888-4BFF-8804-12559A491D8C,4,4,1,0.07566390476031001,0.14624702775091608,-0.07058312299060607,0.01898101898101898,0.07392607392607392,4577,573,False
5119D0F8-FCA8-4184-A4EB-19421A40DE0D,1,1,1,0.01201253442114609,0.04932574544724834,-0.03731321102610225,0.000999000999000999,0.001998001998001998,5996,543,False
5119D0F8-FCA8-4184-A4EB-19421A40DE0D,2,2,1,0.03008990311766769,0.09176417964470966,-0.06167427652704197,0.002997002997002997,0.000999000999000999,5995,543,False
5119D0F8-FCA8-4184-A4EB-19421A40DE0D,3,3,1,0.05709642312810076,0.11054448336269153,-0.05344806023459077,0.000999000999000999,0.000999000999000999,5994,543,False
5119D0F8-FCA8-4184-A4EB-19421A40DE0D,4,4,1,0.07599025183875369,0.10907994434953398,-0.0330896925107803,0.000999000999000999,0.2057942057942058,5993,543,False
5152A2DF-FAF3-4BA8-9CA9-E66B32671A53,1,1,1,0.005223334324392154,0.029752416957557315,-0.02452908263316516,0.3886113886113886,0.5664335664335665,6380,613,False
5152A2DF-FAF3-4BA8-9CA9-E66B32671A53,2,2,1,0.018935214071923067,0.06692953811222022,-0.047994324040297145,0.000999000999000999,0.4025974025974026,6379,613,False
5152A2DF-FAF3-4BA8-9CA9-E66B32671A53,3,3,1,0.028228306159031463,0.1223553220630608,-0.09412701590402933,0.000999000999000999,0.36363636363636365,6378,613,False
5152A2DF-FAF3-4BA8-9CA9-E66B32671A53,4,4,1,0.037786092218870214,0.126805456088192,-0.08901936386932177,0.000999000999000999,0.4725274725274725,6377,613,False
59818CD2-24D7-4D32-B133-24C2FE3801E5,1,1,1,0.016879742888250608,0.04779144691015099,-0.030911704021900382,0.061938061938061936,0.5924075924075924,2549,3,False
59818CD2-24D7-4D32-B133-24C2FE3801E5,2,2,1,0.05051227075394852,0.13184188795337487,-0.08132961719942636,0.1048951048951049,0.8511488511488512,2548,3,False
59818CD2-24D7-4D32-B133-24C2FE3801E5,3,3,1,0.07863395721789741,0.16982995204814302,-0.09119599483024561,0.22477522477522477,0.984015984015984,2547,3,False
59818CD2-24D7-4D32-B133-24C2FE3801E5,4,4,1,0.09668641653148655,0.1644214159158992,-0.06773499938441266,0.5514485514485514,0.9820179820179821,2546,3,False
59EEFAE0-DEB0-4FFF-9250-54D2A03D0CF2,1,1,1,0.008918288165182512,0.01707480574141365,-0.00815651757623114,0.000999000999000999,0.989010989010989,6685,825,False
59EEFAE0-DEB0-4FFF-9250-54D2A03D0CF2,2,2,1,0.022736455362333763,0.05940558810085683,-0.03666913273852307,0.000999000999000999,0.31868131868131866,6684,825,False
59EEFAE0-DEB0-4FFF-9250-54D2A03D0CF2,3,3,1,0.03692701593123249,0.07256058357744831,-0.03563356764621582,0.001998001998001998,0.7232767232767233,6683,825,False
59EEFAE0-DEB0-4FFF-9250-54D2A03D0CF2,4,4,1,0.04621220750095647,0.0754978181635611,-0.029285610662604634,0.001998001998001998,0.8621378621378621,6682,825,False
5EF64122-B513-46AE-BCF1-E62AAC285D2C,1,1,1,0.00976829972221591,0.04790717371308068,-0.03813887399086477,0.5334665334665335,0.5184815184815185,3335,480,False
5EF64122-B513-46AE-BCF1-E62AAC285D2C,2,2,1,0.03188453462170754,0.09431446476915845,-0.06242993014745091,0.004995004995004995,0.16283716283716285,3334,480,False
5EF64122-B513-46AE-BCF1-E62AAC285D2C,3,3,1,0.04591265190946969,0.09862632979633226,-0.05271367788686257,0.014985014985014986,0.4255744255744256,3333,480,False
5EF64122-B513-46AE-BCF1-E62AAC285D2C,4,4,1,0.06237787527848322,0.0829524176892712,-0.020574542410787974,0.002997002997002997,0.6993006993006993,3332,480,False
61359772-D8D8-480D-B623-7C636EAD0C81,1,1,1,0.008577549838574526,0.0435305766313597,-0.034953026792785176,0.12187812187812187,0.03496503496503497,5476,517,False
61359772-D8D8-480D-B623-7C636EAD0C81,2,2,1,0.020640908050680272,0.07006158320338263,-0.049420675152702355,0.16483516483516483,0.8831168831168831,5475,516,False
61359772-D8D8-480D-B623-7C636EAD0C81,3,3,1,0.031731103493666125,0.09392769238206138,-0.06219658888839525,0.35864135864135865,0.9790209790209791,5474,515,False
61359772-D8D8-480D-B623-7C636EAD0C81,4,4,1,0.04198440678566481,0.10225671310275952,-0.06027230631709471,0.3626373626373626,0.9790209790209791,5473,514,False
61976C24-1C50-4355-9C49-AAE44A7D09F6,1,1,1,0.009833435993286437,0.03413703235063087,-0.024303596357344432,0.027972027972027972,0.3786213786213786,5730,652,False
61976C24-1C50-4355-9C49-AAE44A7D09F6,2,2,1,0.030157341838891648,0.09341716516784875,-0.0632598233289571,0.003996003996003996,0.001998001998001998,5729,652,False
61976C24-1C50-4355-9C49-AAE44A7D09F6,3,3,1,0.04891316135417734,0.11766882843192991,-0.06875566707775257,0.001998001998001998,0.016983016983016984,5728,652,False
61976C24-1C50-4355-9C49-AAE44A7D09F6,4,4,1,0.05839394217776105,0.10310801272890227,-0.04471407055114122,0.001998001998001998,0.6003996003996004,5727,652,False
665514DE-49DC-421F-8DCB-145D0B2609AD,1,1,1,0.006408855311726189,0.04594194568698516,-0.03953309037525897,0.3906093906093906,0.004995004995004995,6751,977,False
665514DE-49DC-421F-8DCB-145D0B2609AD,2,2,1,0.020538253830412995,0.07637907976559513,-0.05584082593518214,0.15884115884115885,0.26573426573426573,6750,977,False
665514DE-49DC-421F-8DCB-145D0B2609AD,3,3,1,0.03772754876638554,0.11076675023406624,-0.0730392014676807,0.055944055944055944,0.9460539460539461,6749,977,False
665514DE-49DC-421F-8DCB-145D0B2609AD,4,4,1,0.04885029050610062,0.12186999465726002,-0.07301970415115941,0.31368631368631367,1.0,6748,977,False
74B86067-5D4B-43CF-82CF-341B76BEA0F4,1,1,1,0.012815806733959425,0.0508350272675153,-0.03801922053355587,0.001998001998001998,0.002997002997002997,6602,986,False
74B86067-5D4B-43CF-82CF-341B76BEA0F4,2,2,1,0.027606343371449828,0.05459539699777958,-0.02698905362632975,0.003996003996003996,0.027972027972027972,6601,986,False
74B86067-5D4B-43CF-82CF-341B76BEA0F4,3,3,1,0.037794926748277224,0.0652318772599328,-0.02743695051165558,0.003996003996003996,0.6333666333666333,6600,986,False
74B86067-5D4B-43CF-82CF-341B76BEA0F4,4,4,1,0.052405553475043186,0.07659581302669259,-0.024190259551649405,0.004995004995004995,0.984015984015984,6599,986,False
78A91A4E-4A51-4065-BDA7-94755F0BB3BB,1,1,1,0.006800091638998313,0.025034585633691035,-0.01823449399469272,0.14085914085914086,0.2937062937062937,8300,980,False
78A91A4E-4A51-4065-BDA7-94755F0BB3BB,2,2,1,0.024476865902865408,0.06782046860127147,-0.043343602698406064,0.001998001998001998,0.004995004995004995,8299,980,False
78A91A4E-4A51-4065-BDA7-94755F0BB3BB,3,3,1,0.04247507479257605,0.10792535753396268,-0.06545028274138663,0.001998001998001998,0.000999000999000999,8298,980,False
78A91A4E-4A51-4065-BDA7-94755F0BB3BB,4,4,1,0.056229878295595774,0.10561116570326828,-0.04938128740767251,0.000999000999000999,0.016983016983016984,8297,980,False
797D145F-3858-4A7F-A7C2-A4EB721E133C,1,1,1,0.023828579006243387,0.09227401905644853,-0.06844544005020514,0.5394605394605395,0.003996003996003996,2668,39,False
797D145F-3858-4A7F-A7C2-A4EB721E133C,2,2,1,0.049531071941977964,0.1730958057854003,-0.12356473384342233,0.9370629370629371,0.002997002997002997,2667,39,False
797D145F-3858-4A7F-A7C2-A4EB721E133C,3,3,1,0.07268136633733879,0.18111174136842575,-0.10843037503108696,0.987012987012987,0.8821178821178821,2666,39,False
797D145F-3858-4A7F-A7C2-A4EB721E133C,4,4,1,0.09780462485772548,0.14194887599073377,-0.044144251133008294,0.903096903096903,1.0,2665,39,False
7CE37510-56D0-4120-A1CF-0E23351428D2,1,1,1,0.012427526620411564,0.030652843862732634,-0.01822531724232107,0.002997002997002997,0.000999000999000999,9384,1428,False
7CE37510-56D0-4120-A1CF-0E23351428D2,2,2,1,0.03413049178685771,0.0662102534352576,-0.032079761648399895,0.000999000999000999,0.000999000999000999,9383,1428,False
7CE37510-56D0-4120-A1CF-0E23351428D2,3,3,1,0.061294014834657906,0.09481299070692648,-0.03351897587226857,0.002997002997002997,0.003996003996003996,9382,1428,False
7CE37510-56D0-4120-A1CF-0E23351428D2,4,4,1,0.08385363711695248,0.09349705745137081,-0.009643420334418326,0.001998001998001998,0.03296703296703297,9381,1428,False
7D9BB102-A612-4E2A-8E22-3159752F55D8,1,1,1,0.035526503377720266,0.081044482283274,-0.04551797890555374,0.2827172827172827,0.03496503496503497,683,22,False
7D9BB102-A612-4E2A-8E22-3159752F55D8,2,2,1,0.0595450995228735,0.06681703369282928,-0.007271934169955779,0.6413586413586414,0.8931068931068931,682,22,False
7D9BB102-A612-4E2A-8E22-3159752F55D8,3,3,1,0.07864747891070535,0.04321516427632926,0.03543231463437609,0.6523476523476524,1.0,681,22,False
7D9BB102-A612-4E2A-8E22-3159752F55D8,4,4,1,0.07872874352909168,0.030175258436285737,0.04855348509280594,0.8811188811188811,0.996003996003996,680,22,False
8023FE1A-D3B0-4E2C-A57A-9321B7FC755F,1,1,1,0.004873279901519935,0.025889647510985388,-0.02101636760946545,0.4025974025974026,0.5024975024975025,7825,987,False
8023FE1A-D3B0-4E2C-A57A-9321B7FC755F,2,2,1,0.02141581733709526,0.06442826327248169,-0.04301244593538643,0.000999000999000999,0.03496503496503497,7824,987,False
8023FE1A-D3B0-4E2C-A57A-9321B7FC755F,3,3,1,0.040304942153359835,0.1005902869275092,-0.06028534477414936,0.001998001998001998,0.004995004995004995,7823,987,False
8023FE1A-D3B0-4E2C-A57A-9321B7FC755F,4,4,1,0.051773758511167764,0.09118717639311819,-0.03941341788195042,0.001998001998001998,0.04995004995004995,7822,987,False
806289BC-AD52-4CC1-806C-0CDB14D65EB6,1,1,1,0.006505460574320401,0.03322811917544558,-0.02672265860112518,0.056943056943056944,0.012987012987012988,8205,1237,False
806289BC-AD52-4CC1-806C-0CDB14D65EB6,2,2,1,0.02617946685903812,0.07325955394061476,-0.04708008708157664,0.000999000999000999,0.000999000999000999,8204,1236,False
806289BC-AD52-4CC1-806C-0CDB14D65EB6,3,3,1,0.04483975666345624,0.10996732067151635,-0.06512756400806011,0.001998001998001998,0.000999000999000999,8203,1235,False
806289BC-AD52-4CC1-806C-0CDB14D65EB6,4,4,1,0.05841168777042294,0.11605390629006831,-0.05764221851964538,0.000999000999000999,0.12887112887112886,8202,1234,False
81536B0A-8DBF-4D8A-AC24-9543E2E4C8E0,1,1,1,0.005897466435572845,0.04355016786498332,-0.037652701429410476,0.3696303696303696,0.8811188811188811,4965,572,False
81536B0A-8DBF-4D8A-AC24-9543E2E4C8E0,2,2,1,0.01652061166289227,0.08387299944013696,-0.06735238777724468,0.023976023976023976,0.8561438561438561,4964,572,False
81536B0A-8DBF-4D8A-AC24-9543E2E4C8E0,3,3,1,0.027899217846049134,0.11165530565269732,-0.08375608780664819,0.001998001998001998,0.7512487512487512,4963,572,False
81536B0A-8DBF-4D8A-AC24-9543E2E4C8E0,4,4,1,0.034366933401886984,0.09077505810978012,-0.05640812470789314,0.002997002997002997,0.9300699300699301,4962,572,False
83CF687B-7CEC-434B-9FE8-00C3D5799BE6,1,1,1,0.008029503763891091,0.03442523200948469,-0.0263957282455936,0.0959040959040959,0.025974025974025976,8883,995,False
83CF687B-7CEC-434B-9FE8-00C3D5799BE6,2,2,1,0.021300666159069153,0.06766663834206434,-0.04636597218299518,0.001998001998001998,0.000999000999000999,8882,995,False
83CF687B-7CEC-434B-9FE8-00C3D5799BE6,3,3,1,0.03175339690503967,0.07253239448458787,-0.0407789975795482,0.001998001998001998,0.000999000999000999,8881,995,False
83CF687B-7CEC-434B-9FE8-00C3D5799BE6,4,4,1,0.040311050704385815,0.07337945061723403,-0.03306839991284821,0.000999000999000999,0.002997002997002997,8880,995,False
86A4F379-B305-473D-9D83-FC7D800180EF,1,1,1,0.0029862639342251624,0.014328750812178428,-0.011342486877953266,0.9300699300699301,0.5604395604395604,4084,258,False
86A4F379-B305-473D-9D83-FC7D800180EF,2,2,1,0.007369304667270979,0.01975947633016472,-0.012390171662893742,0.34265734265734266,0.5164835164835165,4083,258,False
86A4F379-B305-473D-9D83-FC7D800180EF,3,3,1,0.008708908787586065,0.02132222190988162,-0.012613313122295555,0.5244755244755245,0.5654345654345654,4082,258,False
86A4F379-B305-473D-9D83-FC7D800180EF,4,4,1,0.009450606761928795,0.022587620451290705,-0.01313701368936191,0.6793206793206793,0.42957042957042957,4081,258,False
96A358A0-FFF2-4239-B93E-C7425B901B47,1,1,1,0.0185317147774921,0.05888494740502584,-0.040353232627533736,0.061938061938061936,0.34665334665334663,1612,155,False
96A358A0-FFF2-4239-B93E-C7425B901B47,2,2,1,0.03623320316723822,0.0805489306624357,-0.04431572749519747,0.003996003996003996,0.04495504495504495,1611,154,False
96A358A0-FFF2-4239-B93E-C7425B901B47,3,3,1,0.04236804001548798,0.07893966726446448,-0.0365716272489765,0.012987012987012988,0.06493506493506493,1610,153,False
96A358A0-FFF2-4239-B93E-C7425B901B47,4,4,1,0.04522077766639699,0.054302747126639836,-0.009081969460242846,0.058941058941058944,0.6663336663336663,1609,152,False
9759096F-1119-4E19-A0AD-6F16989C7E1C,1,1,1,0.009456139363751417,0.03244884808034364,-0.02299270871659222,0.007992007992007992,0.054945054945054944,7944,1009,False
9759096F-1119-4E19-A0AD-6F16989C7E1C,2,2,1,0.02643294540043961,0.06665260121580835,-0.04021965581536874,0.001998001998001998,0.15984015984015984,7943,1009,False
9759096F-1119-4E19-A0AD-6F16989C7E1C,3,3,1,0.04325609303095802,0.08912789805100174,-0.04587180502004372,0.002997002997002997,0.37162837162837165,7942,1009,False
9759096F-1119-4E19-A0AD-6F16989C7E1C,4,4,1,0.05937307481556974,0.09109275162696756,-0.03171967681139782,0.003996003996003996,0.5104895104895105,7941,1009,False
99B204C0-DD5C-4BB7-83E8-A37281B8D769,1,1,1,0.006174299638320887,0.033463298160716,-0.02728899852239511,0.7292707292707292,0.21878121878121878,5043,616,False
99B204C0-DD5C-4BB7-83E8-A37281B8D769,2,2,1,0.015414459156366207,0.05477660777505236,-0.03936214861868616,0.6153846153846154,0.12987012987012986,5042,616,False
99B204C0-DD5C-4BB7-83E8-A37281B8D769,3,3,1,0.03217159934451648,0.07309705043920045,-0.04092545109468397,0.023976023976023976,0.24975024975024976,5041,616,False
99B204C0-DD5C-4BB7-83E8-A37281B8D769,4,4,1,0.04369266151361678,0.08054766440864165,-0.03685500289502487,0.022977022977022976,0.8311688311688312,5040,616,False
9DC38D04-E82E-4F29-AB52-B476535226F2,1,1,1,0.007178323771174446,0.04581769002134584,-0.0386393662501714,0.001998001998001998,0.000999000999000999,9382,1473,False
9DC38D04-E82E-4F29-AB52-B476535226F2,2,2,1,0.02499482911829663,0.08679150358983707,-0.06179667447154044,0.000999000999000999,0.000999000999000999,9381,1473,False
9DC38D04-E82E-4F29-AB52-B476535226F2,3,3,1,0.047990268192704445,0.15411117805686028,-0.10612090986415584,0.000999000999000999,0.000999000999000999,9380,1473,False
9DC38D04-E82E-4F29-AB52-B476535226F2,4,4,1,0.06648067110900266,0.15400462938324166,-0.087523958274239,0.000999000999000999,0.04695304695304695,9379,1473,False
A5A30F76-581E-4757-97A2-957553A2C6AA,1,1,1,0.02127148880420729,0.07108840643501982,-0.04981691763081253,0.3696303696303696,0.7352647352647352,1609,186,False
A5A30F76-581E-4757-97A2-957553A2C6AA,2,2,1,0.08668796120872638,0.22328556963133656,-0.13659760842261018,0.37962037962037964,0.5574425574425574,1608,186,False
A5A30F76-581E-4757-97A2-957553A2C6AA,3,3,1,0.1609114723974428,0.24901122041304186,-0.08809974801559906,0.015984015984015984,0.8631368631368631,1607,186,False
A5A30F76-581E-4757-97A2-957553A2C6AA,4,4,1,0.19876903996757875,0.14328237378739678,0.05548666618018197,0.012987012987012988,1.0,1606,186,False
A5CDF89D-02A2-4EC1-89F8-F534FDABDD96,1,1,1,0.015292403240344444,0.06427574055654989,-0.048983337316205446,0.001998001998001998,0.000999000999000999,3991,240,False
A5CDF89D-02A2-4EC1-89F8-F534FDABDD96,2,2,1,0.03625827399204634,0.12006922369616461,-0.08381094970411827,0.008991008991008992,0.002997002997002997,3990,240,False
A5CDF89D-02A2-4EC1-89F8-F534FDABDD96,3,3,1,0.06306940831658986,0.1807601744396497,-0.11769076612305984,0.008991008991008992,0.32967032967032966,3989,240,False
A5CDF89D-02A2-4EC1-89F8-F534FDABDD96,4,4,1,0.08729921824921297,0.1586379206659104,-0.07133870241669743,0.003996003996003996,0.8751248751248751,3988,240,False
A7599A50-24AE-46A6-8EA6-2576F1011D81,1,1,1,0.00919511842114647,0.04241318511525796,-0.033218066694111495,0.35564435564435565,0.2977022977022977,3548,198,False
A7599A50-24AE-46A6-8EA6-2576F1011D81,2,2,1,0.031026111186419833,0.08248058509839958,-0.05145447391197974,0.004995004995004995,0.2867132867132867,3547,198,False
A7599A50-24AE-46A6-8EA6-2576F1011D81,3,3,1,0.04899661843631714,0.1328719322687568,-0.08387531383243965,0.001998001998001998,0.15484515484515485,3546,198,False
A7599A50-24AE-46A6-8EA6-2576F1011D81,4,4,1,0.06276487972066963,0.12161442016216105,-0.05884954044149142,0.002997002997002997,0.7662337662337663,3545,198,False
A76A5AF5-5A93-4CF2-A16E-62353BB70E8A,1,1,1,0.011448146654038791,0.028698801506738782,-0.01725065485269999,0.000999000999000999,0.06793206793206794,7469,1175,False
A76A5AF5-5A93-4CF2-A16E-62353BB70E8A,2,2,1,0.0339486916195478,0.08800314642046844,-0.054054454800920644,0.000999000999000999,0.002997002997002997,7468,1174,False
A76A5AF5-5A93-4CF2-A16E-62353BB70E8A,3,3,1,0.06062434462220477,0.14646009740321353,-0.08583575278100876,0.000999000999000999,0.001998001998001998,7467,1173,False
A76A5AF5-5A93-4CF2-A16E-62353BB70E8A,4,4,1,0.08144551884089084,0.15483488127637254,-0.0733893624354817,0.003996003996003996,0.004995004995004995,7466,1172,False
B09E373F-8A54-44C8-895B-0039390B859F,1,1,1,0.007611133828999651,0.04865888075601826,-0.04104774692701861,0.4595404595404595,0.002997002997002997,4644,608,False
B09E373F-8A54-44C8-895B-0039390B859F,2,2,1,0.01817851344230844,0.07730283957315143,-0.05912432613084299,0.11188811188811189,0.000999000999000999,4643,608,False
B09E373F-8A54-44C8-895B-0039390B859F,3,3,1,0.027059323763482888,0.09757067954498576,-0.07051135578150287,0.14185814185814186,0.14985014985014986,4642,608,False
B09E373F-8A54-44C8-895B-0039390B859F,4,4,1,0.03494027397661648,0.08745294660655722,-0.05251267262994074,0.0969030969030969,0.3826173826173826,4641,608,False
B7F9D634-263E-4A97-87F9-6FFB4DDCB36C,1,1,1,0.01567181774269523,0.02639310107006519,-0.010721283327369959,0.000999000999000999,0.23276723276723277,7517,949,False
B7F9D634-263E-4A97-87F9-6FFB4DDCB36C,2,2,1,0.042587901478135654,0.08165407639826355,-0.0390661749201279,0.000999000999000999,0.000999000999000999,7516,949,False
B7F9D634-263E-4A97-87F9-6FFB4DDCB36C,3,3,1,0.07820729055146575,0.12175065579858335,-0.043543365247117605,0.001998001998001998,0.001998001998001998,7515,949,False
B7F9D634-263E-4A97-87F9-6FFB4DDCB36C,4,4,1,0.1028671460596198,0.13594277751388925,-0.03307563145426945,0.001998001998001998,0.07092907092907093,7514,949,False
B9724848-C7E2-45F4-9B3F-A1F38D864495,1,1,1,0.00783232282183525,0.028177721602253326,-0.020345398780418078,0.006993006993006993,0.9280719280719281,7246,921,False
B9724848-C7E2-45F4-9B3F-A1F38D864495,2,2,1,0.021418250855443553,0.07192715333111255,-0.050508902475669,0.003996003996003996,0.5734265734265734,7245,921,False
B9724848-C7E2-45F4-9B3F-A1F38D864495,3,3,1,0.039230494310454736,0.10664041593971543,-0.0674099216292607,0.001998001998001998,0.8281718281718282,7244,921,False
B9724848-C7E2-45F4-9B3F-A1F38D864495,4,4,1,0.05213361935185686,0.1105930393072733,-0.05845941995541643,0.002997002997002997,0.9200799200799201,7243,921,False
BE3CA5A6-A561-4BBD-B7C9-5DF6805400FC,1,1,1,0.011992203944108925,0.04185658819052485,-0.02986438424641593,0.000999000999000999,0.003996003996003996,5881,820,False
BE3CA5A6-A561-4BBD-B7C9-5DF6805400FC,2,2,1,0.02805096442249321,0.09153346469056715,-0.06348250026807395,0.005994005994005994,0.005994005994005994,5880,820,False
BE3CA5A6-A561-4BBD-B7C9-5DF6805400FC,3,3,1,0.04269143578994036,0.11872995145224122,-0.07603851566230085,0.014985014985014986,0.011988011988011988,5879,820,False
BE3CA5A6-A561-4BBD-B7C9-5DF6805400FC,4,4,1,0.05304143999499401,0.10544155629403172,-0.052400116299037715,0.03296703296703297,0.2807192807192807,5878,820,False
BEF6C611-50DA-4971-A040-87FB979F3FC1,1,1,1,0.02826216646738233,0.07289095010952373,-0.0446287836421414,0.029970029970029972,0.1998001998001998,1679,0,False
BEF6C611-50DA-4971-A040-87FB979F3FC1,2,2,1,0.05848700507602087,0.12167713355890422,-0.06319012848288336,0.013986013986013986,0.28771228771228774,1678,0,False
BEF6C611-50DA-4971-A040-87FB979F3FC1,3,3,1,0.07834389048953039,0.11688380762154693,-0.03853991713201654,0.13986013986013987,0.6733266733266733,1677,0,False
BEF6C611-50DA-4971-A040-87FB979F3FC1,4,4,1,0.09185772667666259,0.10301701348336097,-0.01115928680669838,0.3226773226773227,0.8641358641358642,1676,0,False
C48CE857-A0DD-4DDB-BEA5-3A25449B2153,1,1,1,0.008061283354172345,0.038378914051968686,-0.03031763069779634,0.5994005994005994,0.36163836163836166,4531,375,False
C48CE857-A0DD-4DDB-BEA5-3A25449B2153,2,2,1,0.03262468391107336,0.10817175519371747,-0.07554707128264411,0.000999000999000999,0.001998001998001998,4530,375,False
C48CE857-A0DD-4DDB-BEA5-3A25449B2153,3,3,1,0.0466002188908993,0.12435933391222888,-0.07775911502132958,0.004995004995004995,0.22677322677322678,4529,375,False
C48CE857-A0DD-4DDB-BEA5-3A25449B2153,4,4,1,0.06068304764306061,0.11539411129316571,-0.0547110636501051,0.002997002997002997,0.4405594405594406,4528,375,False
CA820D43-E5E2-42EF-9798-BE56F776370B,1,1,1,0.009882239872613947,0.03839747958935262,-0.028515239716738673,0.006993006993006993,0.057942057942057944,6379,350,False
CA820D43-E5E2-42EF-9798-BE56F776370B,2,2,1,0.027405423534521998,0.08554539749019674,-0.058139973955674745,0.003996003996003996,0.004995004995004995,6378,350,False
CA820D43-E5E2-42EF-9798-BE56F776370B,3,3,1,0.04356088695536857,0.109523636987677,-0.06596275003230843,0.017982017982017984,0.052947052947052944,6377,350,False
CA820D43-E5E2-42EF-9798-BE56F776370B,4,4,1,0.06085838765434641,0.10036623268720835,-0.039507845032861935,0.007992007992007992,0.7862137862137862,6376,350,False
CCAF77F0-FABB-4F2F-9E24-D56AD0C5A82F,1,1,1,0.005525511817152005,0.03158356189525184,-0.026058050078099835,0.34565434565434566,0.13486513486513488,7212,1042,False
CCAF77F0-FABB-4F2F-9E24-D56AD0C5A82F,2,2,1,0.023019618160182602,0.0517828220435049,-0.0287632038833223,0.000999000999000999,0.17182817182817184,7211,1042,False
CCAF77F0-FABB-4F2F-9E24-D56AD0C5A82F,3,3,1,0.029555847781331405,0.06151844312434999,-0.03196259534301858,0.001998001998001998,0.5694305694305695,7210,1042,False
CCAF77F0-FABB-4F2F-9E24-D56AD0C5A82F,4,4,1,0.035914140441673646,0.06354385978135446,-0.027629719339680815,0.000999000999000999,0.45454545454545453,7209,1042,False
CDA3BBF7-6631-45E8-85BA-EEB416B32A3C,1,1,1,0.006929298826680425,0.03621851877182572,-0.029289219945145294,0.7202797202797203,0.5444555444555444,2832,437,False
CDA3BBF7-6631-45E8-85BA-EEB416B32A3C,2,2,1,0.022105488607038887,0.06773347351426232,-0.04562798490722343,0.017982017982017984,0.22677322677322678,2831,437,False
CDA3BBF7-6631-45E8-85BA-EEB416B32A3C,3,3,1,0.030377530426182183,0.0752421292331243,-0.044864598806942116,0.01898101898101898,0.2597402597402597,2830,437,False
CDA3BBF7-6631-45E8-85BA-EEB416B32A3C,4,4,1,0.03270993757339607,0.06846496233190713,-0.03575502475851106,0.0959040959040959,0.2047952047952048,2829,437,False
CF722AA9-2533-4E51-9FEB-9EAC84EE9AAC,1,1,1,0.014929352758682424,0.05011229498319204,-0.03518294222450962,0.003996003996003996,0.023976023976023976,3525,0,False
CF722AA9-2533-4E51-9FEB-9EAC84EE9AAC,2,2,1,0.03709244230023582,0.0907881180993492,-0.05369567579911338,0.002997002997002997,0.10989010989010989,3524,0,False
CF722AA9-2533-4E51-9FEB-9EAC84EE9AAC,3,3,1,0.05866464902492529,0.10766746686593894,-0.049002817841013645,0.002997002997002997,0.21578421578421578,3523,0,False
CF722AA9-2533-4E51-9FEB-9EAC84EE9AAC,4,4,1,0.07410957875793386,0.09569829885123535,-0.021588720093301483,0.006993006993006993,0.6853146853146853,3522,0,False
D7D20E2E-FC78-405D-B346-DBD3FD8FC92B,1,1,1,0.010634118484422864,0.04158564114652469,-0.030951522662101823,0.008991008991008992,0.061938061938061936,4875,498,False
D7D20E2E-FC78-405D-B346-DBD3FD8FC92B,2,2,1,0.027989820402542824,0.08539796626449477,-0.05740814586195194,0.04395604395604396,0.03596403596403597,4874,498,False
D7D20E2E-FC78-405D-B346-DBD3FD8FC92B,3,3,1,0.05017017352383786,0.11169099582213649,-0.061520822298298625,0.014985014985014986,0.056943056943056944,4873,498,False
D7D20E2E-FC78-405D-B346-DBD3FD8FC92B,4,4,1,0.06921077340050868,0.10520518600367369,-0.03599441260316501,0.003996003996003996,0.17882117882117882,4872,498,False
E65577C1-8D5D-4F70-AF23-B3ADB9D3DBA3,1,1,1,0.02110765698249154,0.06724782425063718,-0.04614016726814564,0.060939060939060936,0.26673326673326675,2022,240,False
E65577C1-8D5D-4F70-AF23-B3ADB9D3DBA3,2,2,1,0.06397187317292347,0.1389662792483163,-0.07499440607539284,0.000999000999000999,0.27372627372627373,2021,240,False
E65577C1-8D5D-4F70-AF23-B3ADB9D3DBA3,3,3,1,0.0922968140033985,0.14095738951043038,-0.048660575507031886,0.003996003996003996,0.7642357642357642,2020,240,False
E65577C1-8D5D-4F70-AF23-B3ADB9D3DBA3,4,4,1,0.10562537624634184,0.10580037905868062,-0.00017500281233877313,0.02097902097902098,0.962037962037962,2019,240,False
ECECC2AB-D32F-4F90-B74C-E12A1C69BBE2,1,1,1,0.027290510333432043,0.07070444938826663,-0.04341393905483459,0.04395604395604396,0.15484515484515485,1237,0,False
ECECC2AB-D32F-4F90-B74C-E12A1C69BBE2,2,2,1,0.057122503732170794,0.10013735883696988,-0.043014855104799084,0.012987012987012988,0.35664335664335667,1236,0,False
ECECC2AB-D32F-4F90-B74C-E12A1C69BBE2,3,3,1,0.07976604849626824,0.10073511196129009,-0.02096906346502185,0.008991008991008992,0.7162837162837162,1235,0,False
ECECC2AB-D32F-4F90-B74C-E12A1C69BBE2,4,4,1,0.0867813380499899,0.07631545539731276,0.010465882652677144,0.04995004995004995,0.972027972027972,1234,0,False
F50235E0-DD67-4F2A-B00B-1F31ADA998B9,1,1,1,0.01670352814475237,0.06592918771045647,-0.0492256595657041,0.34665334665334663,0.06693306693306693,2089,75,False
F50235E0-DD67-4F2A-B00B-1F31ADA998B9,2,2,1,0.05073013480172269,0.15189945584421644,-0.10116932104249374,0.7142857142857143,0.922077922077922,2088,75,False
F50235E0-DD67-4F2A-B00B-1F31ADA998B9,3,3,1,0.09106065319927777,0.20010598342712044,-0.10904533022784267,0.5244755244755245,0.938061938061938,2087,75,False
F50235E0-DD67-4F2A-B00B-1F31ADA998B9,4,4,1,0.1279025541190788,0.19108182512134064,-0.06317927100226184,0.26173826173826176,0.945054945054945,2086,75,False
FDAA70A1-42A3-4E3F-9AE3-3FDA412E03BF,1,1,1,0.025955591736134542,0.06588880860470664,-0.0399332168685721,0.004995004995004995,0.08291708291708291,2155,229,False
FDAA70A1-42A3-4E3F-9AE3-3FDA412E03BF,2,2,1,0.06573807514338674,0.16353917485088035,-0.09780109970749361,0.03196803196803197,0.6603396603396603,2154,229,False
FDAA70A1-42A3-4E3F-9AE3-3FDA412E03BF,3,3,1,0.10214272505781848,0.1556202567470068,-0.053477531689188326,0.08591408591408592,0.993006993006993,2153,229,False
FDAA70A1-42A3-4E3F-9AE3-3FDA412E03BF,4,4,1,0.1300682877342447,0.1342105361466273,-0.004142248412382615,0.08591408591408592,0.999000999000999,2152,229,False
